NUM;FNAME;GNAME;OCCU;DATE;DATE-UT;TZO;PLACE;CY;C2;GEOID;LG;LAT;NOTES-DATE
1;Adaczyk;Marcel;sportsperson;1935-01-05 18:30;;;Conflans-en-Jarnisy;FR;54;3023925;5.85;49.16667;
2;Adams;Walter;sportsperson;1945-03-15 03:00;;;Grauleshof;DE;81;2917900;10.11667;48.83333;
3;Adorni;Vittorio;sportsperson;1937-11-14 08:30;;;Parma;IT;PR;3171457;10.31667;44.8;
4;Agostini;Giacomo;sportsperson;1942-06-16 07:00;;;Roman Catholic Diocese of Brescia;IT;BS;12042120;10.21667;45.55;
5;Aguirre;Jean-Michel;sportsperson;1951-11-02 09:00;;;Mingot;FR;65;2993804;0.16667;43.38333;
6;Alberti;Gilbert;sportsperson;1934-04-07 14:00;;;Ouveillan;FR;11;2988922;2.98333;43.28333;
7;Albertosi;Enrico;sportsperson;1939-11-02 19:00;;;Massa;IT;MS;3173775;10.15;44.03333;
8;Alderson;Brian;sportsperson;1950-05-05 07:40;;;Lochee;GB;;13268895;-3;56.46667;
9;Antoinette;Bernard;sportsperson;1914-03-11 14:00;;;Saint-Clément;FR;76;12494769;1.08333;49.43333;
10;Anzi;Stefano;sportsperson;1949-05-21 01:35;;;Bormio;IT;SO;3181730;10.36667;46.46667;
11;Arabo;Claude;sportsperson;1937-10-03 09:00;;;Nice;FR;6;2990440;7.26667;43.7;
12;Arcari;Bruno;sportsperson;1942-01-01 10:00;;;Atina;IT;FR;3182699;13.8;41.61667;
13;Arese;Francesco;sportsperson;1944-04-13 16:00;;;Centallo;IT;CN;3179167;7.58333;44.5;
14;Artelesa;Marcel;sportsperson;1938-07-02 16:45;;;Lavau;FR;10;3005752;4.1;48.33333;
15;Astre;Richard;sportsperson;1948-08-28 14:30;;;Matabiau;FR;31;12319114;1.45;43.61667;
16;Aubour;Marcel;sportsperson;1940-06-17 12:00;;;Saint-Tropez;FR;83;2976742;6.65;43.26667;
17;Augert;Jean-Noël;sportsperson;1949-08-17 23:50;;;Longefan;FR;73;12309020;6.35;45.28333;
18;Azarette;Jean-Louis;sportsperson;1945-05-08 07:00;;;Saint-Jean-de-Luz;FR;64;2979309;-1.65;43.38333;
19;Baert;Dirk;sportsperson;1949-02-14 15:30;;;Kreupel;BE;VWV;2793982;3.33333;50.8;
20;Baeza;Jean;sportsperson;1942-08-20 08:00;;;Les Horizons Bleus;DZ;;2490856;3;36.83333;
21;Bahamontes;Federico;sportsperson;1928-07-09 15:00;;;Buenavista;ES;TO;2520767;-4.03333;39.86667;
22;Balmanion;Franco;sportsperson;1940-01-11 23:30;;;Rivarolo Canavese;IT;TO;3169253;7.71667;45.33333;
23;Bambuck;Roger;sportsperson;1945-11-22 01:15;;;Darboussier;GP;971;3579442;-61.53333;16.23333;
24;Baraffe;Edmond;sportsperson;1942-10-19 07:30;;;Annoeullin;FR;59;3037520;2.93333;50.53333;
25;Bard;Henri;sportsperson;1892-04-29 11:00;;;Lyon 01;FR;69;6949674;4.83333;45.76667;
26;Barrau;Max;sportsperson;1950-11-26 19:30;;;Beaumont-de-Lomagne;FR;82;3034170;0.98333;43.88333;
27;Barthel;Josy;sportsperson;1927-04-24 14:30;;;Mamer;LU;9;2960299;6.01667;49.61667;
28;Bartholetti;Paul;sportsperson;1926-02-24 02:00;;;Spincourt;FR;55;2973856;5.66667;49.33333;
29;Basso;Marino;sportsperson;1945-06-01 14:10;;;Vicenza;IT;VI;3164419;11.53333;45.55;
30;Bastiat;Jean-Pierre;sportsperson;1949-04-11 07:30;;;Pouillon;FR;40;2985849;-1;43.6;
31;Baud;Jean-Jacques;sportsperson;1947-09-26 16:00;;;La Hêtrée;FR;76;3008738;1.53333;49.61667;
32;Baumgartner;Hans;sportsperson;1949-05-30 09:30;;;Stühlingen;DE;83;2825429;8.45;47.75;
33;Beccali;Luigi;sportsperson;1907-11-19 02:00;;;San Babila;IT;MI;12022987;9.2;45.46667;
34;Beghetto;Giuseppe;sportsperson;1939-10-08 02:30;;;Padua;IT;PD;3171728;11.88333;45.4;
35;Begou;Yves;sportsperson;1938-02-01 10:00;;;Matabiau;FR;31;12319114;1.45;43.61667;
36;Beheyt;Benoni;sportsperson;1940-09-27 14:30;;;Buchten;BE;VOV;2800785;3.7;51.03333;
37;Behr;Pamela;sportsperson;1956-09-21 03:30;;;Bad Hindelang;DE;97;2904473;10.38333;47.51667;
38;Benesis;René;sportsperson;1944-08-29 07:00;;;Départ;FR;64;12312469;-0.76667;43.48333;
39;Ben;Hamo;sportsperson;1930-03-22 04:00;;;Garcelles-Secqueville;FR;14;3016677;-0.28333;49.1;
40;Berejnoi;Jean-Claude;sportsperson;1939-04-20 12:00;;;Decazeville;FR;12;3021664;2.25;44.56667;
41;Bereta;Georges;sportsperson;1946-05-11 04:00;;;Saint-Etienne;FR;42;2980291;4.38333;45.43333;
42;Berland;Roland;sportsperson;1945-02-26 16:30;;;Les Barres;FR;85;12310904;-0.91667;46.51667;
43;Berot;Jean-Louis;sportsperson;1947-07-28 05:15;;;Dax;FR;40;3021670;-1.05;43.71667;
44;Berruti;Livio;sportsperson;1939-05-19 20:30;;;Crocetta;IT;TO;11288635;7.66667;45.06667;
45;Bertini;Mario;sportsperson;1944-01-07 21:30;;;Prato;IT;PO;3169921;11.1;43.88333;
46;Bertranne;Roland;sportsperson;1949-12-06 07:00;;;Ger;FR;64;3016282;-0.03333;43.25;
47;Besson;Colette;sportsperson;1946-04-07 19:30;;;Saint-Georges-de-Didonne;FR;17;2979941;-1;45.6;
48;Betta;André;sportsperson;1944-03-04 08:30;;;Faubourg-Saint-Martin;FR;21;3018984;4.83333;47.03333;
49;Biancheri;Henri;sportsperson;1932-07-30 17:00;;;Madrague de la Ville;FR;13;2996839;5.36667;43.3;
50;Biemouret;Paul;sportsperson;1943-04-11 07:00;;;Le Faubourg;FR;32;12323362;0.63333;43.93333;
51;Birlenbach;Heinfried;sportsperson;1940-12-07 00:45;;;Siegen;DE;59;2832495;8.03333;50.86667;
52;Birrell;William;sportsperson;1897-03-13 06:30;;;Kilrenny;GB;V1;2645554;-2.66667;56.25;
53;Bitossi;Franco;sportsperson;1940-09-01 20:00;;;Fortezza da Basso;IT;FI;12023186;11.25;43.78333;
54;Blair;Jimmy;sportsperson;1888-05-11 21:00;;;Cuthill;GB;;13269093;-3;55.95;
55;Blanchet;Bernard;sportsperson;1943-12-01 19:15;;;Les Basses Places;FR;44;12312886;-1.16667;47.53333;
56;Blankers-Koen;Fanny;sportsperson;1918-04-26 02:00;;;Baarn;NL;308;2759544;5.26667;52.21667;
57;Boffelli;Victor;sportsperson;1947-03-20 06:00;;;Arques;FR;11;3036802;2.35;42.95;
58;Bollini;Bruno;sportsperson;1933-09-14 19:15;;;Paris 02 Ancien - Quartier Palais-Royal;FR;75;9844889;2.33333;48.86667;
59;Bonal;Jean-Marie;sportsperson;1943-05-31 01:00;;;Les Alouettes;FR;15;12518902;2.43333;44.93333;
60;Bonatti;Walter;sportsperson;1930-06-22 04:00;;;Contea di Bergamo (medievale);IT;BG;12225593;9.66667;45.7;
61;Boninsegna;Roberto;sportsperson;1943-11-13 12:00;;;Mantova;IT;MN;3174051;10.78333;45.16667;
62;Bonnel;Joseph;sportsperson;1939-01-04 06:00;;;Florensac;FR;34;3018231;3.46667;43.38333;
63;Borchmeyer;Erich;sportsperson;1905-01-23 11:15;;;Roman Catholic Diocese of Münster;DE;55;12207112;7.61667;51.96667;
64;Bosquier;Bernard;sportsperson;1942-06-19 23:30;;;Les Thésules;FR;74;12318380;6.5;46.36667;
65;Botherel;Jacques;sportsperson;1946-12-01 22:45;;;Kerisper;FR;56;12306167;-3.03333;47.6;
66;Bouttier;Jean-Claude;sportsperson;1944-10-13 11:00;;;La Feuillée;FR;53;3009470;-1.01667;48.11667;
67;Gordon Hutton;Bremner;sportsperson;1917-11-12 03:30;;;Possil Park;GB;;13273048;-4.25;55.88333;
68;Broissard;José;sportsperson;1947-02-20 05:00;;;Ravenel;FR;60;2984345;2.5;49.51667;
69;Brown;Robert;sportsperson;1923-03-19 17:30;;;Arnothill;GB;;13268092;-3.8;56;
70;Buchan;Martin;sportsperson;1949-03-06 15:00;;;Seaton;GB;;13269589;-2.06667;57.16667;
71;Buchanan;Ken;sportsperson;1945-06-28 04:25;;;West End;GB;U8;7644906;-3.21667;55.95;
72;Budzynski;Robert;sportsperson;1940-05-21 04:00;;;Houdain;FR;62;3013122;2.53333;50.45;
73;Buffet;Marcel;sportsperson;1922-05-14 03:30;;;Achicourt;FR;62;3038703;2.76667;50.28333;
74;Burgnich;Tarcisio;sportsperson;1939-04-25 12:00;;;Udine;IT;UD;3165072;13.23333;46.06667;
75;Burny;Jean-Pierre;sportsperson;1944-11-12 04:00;;;Mont-Saint-Guibert;BE;WBR;2790756;4.61667;50.63333;
76;Buron;Jean-Louis;sportsperson;1934-04-04 09:00;;;Bacqueville-en-Caux;FR;76;3035471;1;49.78333;
77;Burruni;Salvatore;sportsperson;1933-04-11 03:00;;;Alghero;IT;SS;3183284;8.31667;40.56667;
78;Burtshell;Patrick;sportsperson;1946-09-22 02:30;;;La Madeleine;FR;59;3008379;3.08333;50.65;
79;Busby;Matthew;sportsperson;1909-05-26 03:50;;;Kirkfieldbank;GB;W5;11592452;-3.8;55.68333;
80;Cabanier;Jean-Michel;sportsperson;1936-05-13 17:20;;;La Barrière;FR;82;12312608;1.46667;44.25;
81;Cachemire;Jacques;sportsperson;1947-02-27 09:35;;;Darboussier;GP;971;3579442;-61.53333;16.23333;
82;Cahuzac;Pierre;sportsperson;1927-07-03 02:00;;;Saint-Pons-de-Thomières;FR;34;2977382;2.75;43.48333;
83;Camberabero;Guy;sportsperson;1936-05-17 08:00;;;La Rue Doncanville;FR;50;12311981;-1.3;49.65;
84;Camerini;Francis;sportsperson;1948-01-25 02:40;;;Madrague de la Ville;FR;13;2996839;5.36667;43.3;
85;Campaes;André;sportsperson;1944-03-30 08:00;;;Lourdes;FR;65;2997395;-0.03333;43.1;
86;Cantoni;Jack;sportsperson;1948-05-11 02:00;;;La Grillatié;FR;81;12316469;2.15;44.05;
87;Capdouze;Jean;sportsperson;1942-08-30 17:30;;;Saint-Jacques;FR;64;2979428;-0.91667;43.46667;
88;Caracciola;Rudolf;sportsperson;1901-01-30 15:30;;;Remagen;DE;0;2848335;7.23333;50.56667;
89;Cardet;Louis;sportsperson;1943-06-20 23:15;;;Quimperlé;FR;29;2984699;-3.55;47.86667;
90;Carite;Jean-Pierre;sportsperson;1945-11-12 21:45;;;Livry-Gargan;FR;93;2998056;2.55;48.91667;
91;Carnera;Primo;sportsperson;1906-10-25 14:00;;;Sequals;IT;PN;3166718;12.83333;46.16667;
92;Carnus;Georges;sportsperson;1942-08-13 23:00;;;Gignac;FR;34;3016073;3.55;43.65;
93;Carr;Willie;sportsperson;1950-01-06 06:00;;;Possil Park;GB;;13273048;-4.25;55.88333;
94;Carre;Désir;sportsperson;1923-05-21 14:20;;;Le Mesnil-Bellanguet;FR;27;3003405;1.43333;49.25;
95;Caerrere;Christian;sportsperson;1943-07-27 06:00;;;Bout du Pont;FR;65;12314907;0.08333;43.23333;
96;Casolari;Georges;sportsperson;1941-05-05 04:00;;;Nice;FR;6;2990440;7.26667;43.7;
97;Cerdan;Marcel;sportsperson;1943-12-04 01:00;;;Roches Noires;MA;141;2537994;-7.58333;33.65;
98;Cester;Elie;sportsperson;1942-07-27 17:00;;;L'Isle-Jourdain;FR;32;2998130;1.08333;43.61667;
99;Charles-Alfred;Daniel;sportsperson;1934-05-09 05:00;;;Bellevue;MQ;;3570086;-61.08333;14.6;
100;Chauveau;Yves;sportsperson;1945-04-12 11:00;;;Bourg-en-Bresse;FR;1;3031009;5.21667;46.2;
101;Chiarelli;Bernard;sportsperson;1934-02-24 23:45;;;Valenciennes;FR;59;2971041;3.53333;50.36667;
102;Chiesa;Serge;sportsperson;1950-12-25 09:00;;;Roches Noires;MA;141;2537994;-7.58333;33.65;
103;Clark;Jim;sportsperson;1936-03-04 15:25;;;Kilmany;GB;V1;2645607;-2.98333;56.38333;
104;Colas;Alain;sportsperson;1943-09-16 05:30;;;Clamecy;FR;58;3024782;3.51667;47.45;
105;Colo;Zeno;sportsperson;1920-06-30 12:15;;;Casotti;IT;PT;8962910;10.75;44.1;
106;Comes;Gaston;sportsperson;1923-04-26 08:00;;;Millas;FR;66;2993876;2.7;42.7;
107;Comte;Michel;sportsperson;1943-09-27 19:00;;;Beaucaire;FR;30;3034382;4.65;43.8;
108;Consolini;Adolfo;sportsperson;1917-01-05 03:00;;;Verona;IT;VR;3164527;11;45.43333;
109;Corbel;Georges;sportsperson;1942-08-21 20:50;;;Lyon 01;FR;69;6949674;4.83333;45.76667;
110;Couecou;Didier;sportsperson;1944-07-25 17:30;;;Bordeaux;FR;33;3031582;-0.56667;44.83333;
111;Cormack;Peter;sportsperson;1946-07-17 19:40;;;West End;GB;U8;7644906;-3.21667;55.95;
112;Courtin;Paul;sportsperson;1942-03-27 23:30;;;Noyelles-sur-Mer;FR;80;2989895;1.71667;50.18333;
113;von Cramm;Gottfried;sportsperson;1909-07-07 17:45;;;Mitte;DE;0;11808389;9.73333;52.38333;
114;Cros;Jean-Claude;sportsperson;1941-06-10 16:00;;;La Grillatié;FR;81;12316469;2.15;44.05;
115;Crossalexander;;sportsperson;1919-06-16 15:30;;;Farm Cross;GB;;13265377;-4.2;55.83333;
116;Cross;Patrick;sportsperson;1943-10-12 00:05;;;Chatou;FR;78;3026033;2.15;48.88333;
117;Cruyff;Johan;sportsperson;1947-04-25 13:10;;;Weesperzijde;NL;363;7648382;4.9;52.35;
118;Dancelli;Michele;sportsperson;1942-05-08 09:00;;;Castenedolo;IT;BS;3179440;10.3;45.46667;
119;Darui;Julien;sportsperson;1916-02-16 09:00;;;Niedercorn;LU;2;2960228;5.88333;49.53333;
120;Dauga;Benoit;sportsperson;1942-05-08 22:30;;;Escalès;FR;40;12311110;-0.56667;43.75;
121;David;Wilfried;sportsperson;1946-02-22 22:00;;;Bruges;BE;VWV;2800931;3.23333;51.21667;
122;Deberbard;Daniele;sportsperson;1954-07-21 09:45;;;Mâcot-la-Plagne;FR;73;2996874;6.66667;45.55;
123;Dedieu;Paul;sportsperson;1933-05-08 23:00;;;Matabiau;FR;31;12319114;1.45;43.61667;
124;De Haan;Johannes;sportsperson;1936-12-25 14:00;;;Middelsluis;NL;1963;2750869;4.43333;51.75;
125;Delattre;Marcel;sportsperson;1939-11-17 16:00;;;Puteaux;FR;92;2985034;2.25;48.88333;
126;Deledda;Adolphe;sportsperson;1919-09-23 09:00;;;Villa Minozzo;IT;RE;3164203;10.46667;44.36667;
127;Deloffre;Jean;sportsperson;1939-10-05 10:00;;;Combles;FR;80;3024149;2.86667;50;
128;De Michele;Gabriel;sportsperson;1941-03-06 20:10;;;Saint-Etienne;FR;42;2980291;4.38333;45.43333;
129;De Nadai;Francis;sportsperson;1947-04-19 11:00;;;Limoux;FR;11;2998264;2.21667;43.05;
130;den Hartog;Arie;sportsperson;1941-04-21 08:30;;;Rotterdam;NL;599;2747891;4.48333;51.91667;
131;den Hartog;Fedor;sportsperson;1946-04-20 22:00;;;Tuindorp;NL;344;2746124;5.11667;52.1;
132;De Shoemmacker;Joseph;sportsperson;1947-10-02 02:00;;;Kazerne Dossin;BE;VAN;11524744;4.48333;51.03333;
133;De Smet;Armand;sportsperson;1931-01-23 19:00;;;Drogenboom;BE;VWV;2799116;3.43333;50.88333;
134;Devaux;Denis;sportsperson;1939-01-09 20:00;;;Revonnas;FR;1;2983801;5.33333;46.16667;
135;Devotti;Louis;sportsperson;1926-03-10 14:00;;;Cité du Tunnel;FR;54;12316849;5.96667;49.21667;
136;Diagne;Raoul;sportsperson;1910-11-10 05:00;;;La Bastide;GF;973;10372239;-54;5.33333;
137;Dierickx;André;sportsperson;1947-10-27 02:30;;;Leupegem;BE;VOV;2792488;3.61667;50.83333;
138;Di Nallo;Fleury;sportsperson;1943-04-20 14:00;;;Lyon 01;FR;69;6949674;4.83333;45.76667;
139;Dionisi;Renato;sportsperson;1947-11-21 18:00;;;Riva del Garda;IT;TN;3169272;10.83333;45.88333;
140;Djorkaeff;Jean;sportsperson;1939-10-27 09:15;;;Meyzieu;FR;69;2994048;5;45.76667;
141;Dodds;Jock;sportsperson;1915-09-07 21:10;;;Glensburgh;GB;;13268234;-3.73333;56.01667;
142;Dogliani;Jean-Pierre;sportsperson;1942-10-17 05:30;;;Madrague de la Ville;FR;13;2996839;5.36667;43.3;
143;Dolman;Evert;sportsperson;1946-02-22 18:30;;;Rotterdam;NL;599;2747891;4.48333;51.91667;
144;Dominguez;Patrice;sportsperson;1950-01-12 09:00;;;Les Horizons Bleus;DZ;;2490856;3;36.83333;
145;Dourthe;Claude;sportsperson;1948-11-20 17:00;;;Magescq;FR;40;2996818;-1.21667;43.76667;
146;Doye;André;sportsperson;1924-09-15 09:00;;;Douai;FR;59;3021000;3.08333;50.36667;
147;Drut;Guy;sportsperson;1950-12-06 04:00;;;Carvin;FR;62;3028486;2.96667;50.5;
148;Duclos;Nicole;sportsperson;1947-08-18 05:30;;;Les Romains;FR;24;12277751;0.73333;45.2;
149;Duprat;Bernard;sportsperson;1943-07-17 16:00;;;Saint-Étienne;FR;64;2980296;-1.46667;43.5;
150;Dupureur-Samson;Maryv;sportsperson;1937-05-24 04:00;;;Saint-Michel;FR;22;12319666;-2.75;48.51667;
151;Duquesnoy;Roger;sportsperson;1948-03-03 01:00;;;Cysoing;FR;59;3021935;3.21667;50.56667;
152;Durante;Adriano;sportsperson;1940-07-24 17:30;;;Treviso;IT;TV;3165201;12.25;45.66667;
153;Durr;Françoise;sportsperson;1942-12-25 07:05;;;Les Horizons Bleus;DZ;;2490856;3;36.83333;
154;Duvillard;Henri;sportsperson;1947-12-23 05:00;;;Megève;FR;74;2994768;6.61667;45.85;
155;Eigenherr;Joachim;sportsperson;1947-02-18 11:30;;;Medingen;DE;0;2872532;10.56667;53.08333;
156;Eon;Daniel;sportsperson;1939-12-20 05:30;;;Herbins;FR;44;3233614;-2.2;47.28333;
157;Esteve;Alain;sportsperson;1946-09-15 23:30;;;Les Fontanilles;FR;11;12319943;1.95;43.3;
158;Facchetti;Giacinto;sportsperson;1942-07-18 04:30;;;Il Maglio;IT;BG;8960401;9.58333;45.53333;
159;Famose;Annie;sportsperson;1944-06-16 19:00;;;Jurançon;FR;64;3012049;-0.38333;43.28333;
160;Ferguson;Bobby;sportsperson;1945-03-01 06:10;;;Ardrossan;GB;V7;2657125;-4.81667;55.65;
161;Ferrero;Bruno;sportsperson;1933-11-24 04:00;;;Fontoy;FR;57;3017829;6;49.36667;
162;Floch;Louis;sportsperson;1947-12-28 12:00;;;Keravel;FR;29;12311441;-4;48.7;
163;Fontaine;Just;sportsperson;1933-08-18 01:00;;;Salasi;MA;427;2537764;-8;31.81667;
164;Forbes;Duncan;sportsperson;1941-06-19 01:20;;;West End;GB;U8;7644906;-3.21667;55.95;
165;Fornara;Pasquale;sportsperson;1925-03-29 02:00;;;Monticelli;IT;NO;8964103;8.45;45.75;
166;Fouroux;Jacques;sportsperson;1947-07-24 07:00;;;Auch;FR;32;3036281;0.6;43.66667;
167;Frey;André;sportsperson;1919-11-05 03:00;;;Cité de Gargan;FR;57;12307774;6.05;49.25;
168;Fulgenzy;Max;sportsperson;1934-06-26 02:15;;;Monthermé;FR;8;2992495;4.73333;49.88333;
169;Gallice;René;sportsperson;1919-04-13 07:00;;;Mane;FR;4;2996234;5.76667;43.93333;
170;Gambillon;Geneviève;sportsperson;1951-06-30 01:00;;;Hudimesnil;FR;50;3013028;-1.5;48.86667;
171;Garin;Maurice;sportsperson;1871-03-03 17:00;;;Charvensod;IT;AO;3178908;7.31667;45.71667;
172;Garrigue;Roger;sportsperson;1941-05-26 01:00;;;Matabiau;FR;31;12319114;1.45;43.61667;
173;Garth;James;sportsperson;1922-05-01 13:00;;;Possil Park;GB;;13273048;-4.25;55.88333;
174;Gaspard;Pierre;sportsperson;1834-03-29 16:00;;;Les Andrieux;FR;5;3002168;6.18333;44.86667;
175;Gaul;Charly;sportsperson;1932-12-08 02:30;;;Pfaffenthal;LU;2960317;2960182;6.13333;49.61667;
176;Geesink;Antonius;sportsperson;1934-04-06 03:30;;;Tuindorp;NL;344;2746124;5.11667;52.1;
177;Germar;Manfred;sportsperson;1935-03-10 18:30;;;Humboldtkolonie;DE;53;2897732;7;50.93333;
178;Gilles;Alain;sportsperson;1945-05-05 23:20;;;Roanne;FR;42;2983362;4.08333;46.03333;
179;Gimondi;Felice;sportsperson;1942-09-29 18:10;;;Contea di Bergamo (medievale);IT;BG;12225593;9.66667;45.7;
180;Goitschel;Christiane;sportsperson;1944-06-09 18:00;;;Saint-Martin-sur-Arve;FR;74;2978222;6.63333;45.93333;
181;Maria Francisca;Gommers;sportsperson;1939-09-26 04:00;;;Kleine Meers;NL;971;2752724;5.75;50.96667;
182;Gondet;Philippe;sportsperson;1942-05-17 07:00;;;Blois;FR;41;3032213;1.33333;47.6;
183;Gonzales;Joseph;sportsperson;1941-08-06 10:00;;;Narbonne;FR;11;2990919;3;43.18333;
184;Goujon;Yvon;sportsperson;1937-01-21 02:30;;;Cité du Priatec;FR;56;3232441;-3.35;47.75;
185;Gracet;Jean;sportsperson;1937-07-10 01:00;;;Fontchristianne;FR;5;12319482;6.65;44.88333;
186;Gray;Eddie;sportsperson;1948-01-17 16:20;;;Possil Park;GB;;13273048;-4.25;55.88333;
187;Greig;John;sportsperson;1942-09-11 05:15;;;West End;GB;U8;7644906;-3.21667;55.95;
188;Gress;Gilbert;sportsperson;1941-12-17 00:30;;;Strasbourg;FR;67;2973783;7.75;48.58333;
189;Grim;Joe;sportsperson;1881-03-24 10:00;;;Zona P.I.P. Località Folloni;IT;AV;8984875;15.03333;40.83333;
190;Gros;Piero;sportsperson;1954-10-30 15:05;;;Abbazia;IT;TO;3163828;6.83333;45.03333;
191;Guérin;Henri;sportsperson;1921-08-27 07:00;;;Mondant;FR;51;12318282;3.56667;48.86667;
192;Guerra;Pietro;sportsperson;1943-06-28 09:50;;;San Pietro di Morubio;IT;VR;6535577;11.23333;45.25;
193;Gugliermina;Giovan;sportsperson;1874-08-03 05:00;;;Borgosesia;IT;VC;3181749;8.26667;45.71667;
194;Gugliermina;Giuseppe;sportsperson;1872-10-28 10:30;;;Borgosesia;IT;VC;3181749;8.26667;45.71667;
195;Guy;André;sportsperson;1941-03-03 13:50;;;Bourg-en-Bresse;FR;1;3031009;5.21667;46.2;
196;Halimi;Alphonse;sportsperson;1932-02-18 01:00;;;Sidi Mabrouk;DZ;;2480279;6.66667;36.36667;
197;Harper;Joe;sportsperson;1948-01-11 23:10;;;Charing Cross;GB;;13265344;-4.75;55.95;
198;Hartford;Asa;sportsperson;1950-10-24 00:40;;;Possil Park;GB;;13273048;-4.25;55.88333;
199;Hary;Armin;sportsperson;1937-03-22 10:00;;;Maybach;DE;0;2872651;7.06667;49.33333;
200;Hassler;Nicole;sportsperson;1941-01-06 05:30;;;Les Moussoux;FR;74;12318596;6.86667;45.91667;
201;Hausser;Gérard;sportsperson;1941-10-28 10:40;;;Strasbourg;FR;67;2973783;7.75;48.58333;
202;Hein;Kael;sportsperson;1908-06-11 03:15;;;Hamburg-Altstadt;DE;0;2956829;10;53.55;
203;Heinnige;Gerhard;sportsperson;1940-09-23 21:00;;;Südweststadt;DE;82;8643498;8.4;49;
204;Herbet;Yves;sportsperson;1945-08-17 09:00;;;Villers-Cotterêts;FR;2;2968405;3.1;49.25;
205;Herbin;Robert;sportsperson;1939-03-30 05:35;;;Paris 02 Ancien - Quartier Palais-Royal;FR;75;9844889;2.33333;48.86667;
206;Herrero;André;sportsperson;1938-01-28 02:00;;;Puisserguier;FR;34;2985096;3.05;43.36667;
207;Herzog;Maurice;sportsperson;1919-01-15 03:30;;;Lyon 01;FR;69;6949674;4.83333;45.76667;
208;Holdorf;Willi;sportsperson;1940-02-17 11:00;;;Glückstadt;DE;0;2919763;9.43333;53.78333;
209;Holton;Jim;sportsperson;1951-04-11 20:20;;;Boghead;GB;W5;12262732;-3.91667;55.65;
210;Hon;Louis;sportsperson;1924-09-14 14:00;;;Couches;FR;71;3023371;4.58333;46.86667;
211;Huck;Jean-Noël;sportsperson;1948-12-20 11:00;;;Mutzig;FR;67;2991086;7.45;48.55;
212;Barclay;Joyce;sportsperson;1944-07-22 10:00;;;Lochee;GB;;13268895;-3;56.46667;
213;Huot;Valentin;sportsperson;1929-05-01 01:30;;;Vergt;FR;24;2969899;0.73333;45.03333;
214;Hutchison;Tommy;sportsperson;1947-09-22 11:00;;;Crossford;GB;V1;2651878;-3.48333;56.06667;
215;Huysmans;Joseph;sportsperson;1941-12-18 07:00;;;Laarheide;BE;VBR;2793801;4.31667;50.76667;
216;Ickx;Jacques;sportsperson;1945-01-01 20:15;;;Louise area;BE;BRU;11395785;4.35;50.83333;
217;Iracabal;Jean;sportsperson;1941-07-06 12:00;;;Ustaritz;FR;64;2971286;-1.45;43.4;
218;Israel;Rinus;sportsperson;1942-03-19 12:40;;;Weesperzijde;NL;363;7648382;4.9;52.35;
219;Jacquet;Aimé;sportsperson;1941-11-27 00:15;;;Sail-sous-Couzan;FR;42;2981954;3.96667;45.71667;
220;Janssen;Jan;sportsperson;1940-05-19 09:30;;;Weesperzijde;NL;363;7648382;4.9;52.35;
221;Jasseron;Lucien;sportsperson;1913-12-29 01:00;;;Courbet;DZ;;2501133;-0.63333;35.75;
222;Jauffret;François;sportsperson;1942-02-09 01:00;;;Bordeaux;FR;33;3031582;-0.56667;44.83333;
223;Jimenez;Julio;sportsperson;1934-10-28 22:00;;;Ávila;ES;AV;3129136;-4.7;40.65;
224;Josselin;Jean;sportsperson;1940-01-06 18:15;;;Roman Catholic Archidiocese of Besançon;FR;25;12076724;6.03333;47.23333;
225;Karstens;Gerben;sportsperson;1942-01-14 00:25;;;Voorburg;NL;1916;2745321;4.36667;52.06667;
226;Kauffman;Marcel;sportsperson;1910-05-22 11:30;;;Drouot;FR;68;12315804;7.35;47.75;
227;Kelly;Eddie;sportsperson;1951-02-07 22:55;;;Possil Park;GB;;13273048;-4.25;55.88333;
228;Kemper;Franz-Joseph;sportsperson;1945-09-30 10:30;;;Staden;DE;55;2829862;7.61667;52.38333;
229;Koczur;Ferenc;sportsperson;1930-09-02 23:00;;;Schuttersveld;NL;899;2747416;5.98333;50.95;
230;Kozakiewicz;Casimir;sportsperson;1935-01-27 23:30;;;Lens;FR;62;3003093;2.83333;50.43333;
231;Krawczyk;Richard;sportsperson;1947-05-24 01:00;;;Éleu-dit-Leauwette;FR;62;3020300;2.8;50.41667;
232;Kuiper;Hennie;sportsperson;1949-02-03 11:15;;;Denekamp;NL;1774;2757232;7;52.38333;
233;Lachenal;Louis;sportsperson;1921-07-17 11:30;;;Les Balmettes;FR;74;12318629;6.11667;45.9;
235;Lafont;Maurice;sportsperson;1937-09-13 16:00;;;Villeneuve-Saint-Georges;FR;94;2968529;2.45;48.73333;
236;Laforgue;Britt;sportsperson;1948-11-05 14:55;;;Cazarilh-Laspènes;FR;31;3028075;0.58333;42.8;
237;Laforgue;Ingrid;sportsperson;1948-11-05 14:45;;;Cazarilh-Laspènes;FR;31;3028075;0.58333;42.8;
238;Lammers;Georg;sportsperson;1905-04-14 23:00;;;Sinsum;DE;0;2831866;8.35;53.58333;
239;Lanfranchi;Serge;sportsperson;1925-09-28 16:00;;;Parma;IT;PR;3171457;10.31667;44.8;
240;Larque;Jean-Michel;sportsperson;1947-09-08 23:00;;;Pau;FR;64;2988358;-0.36667;43.3;
241;Lasserre;Michel;sportsperson;1940-11-29 11:00;;;Beaumont-de-Lomagne;FR;82;3034170;0.98333;43.88333;
242;Lauer;Martin;sportsperson;1937-01-02 07:30;;;Humboldtkolonie;DE;53;2897732;7;50.93333;
243;Lavaud;Jean-Claude;sportsperson;1938-05-18 05:30;;;Orléans;FR;45;2989317;1.9;47.9;
244;Law;Denis;sportsperson;1940-02-24 22:50;;;Seaton;GB;;13269589;-2.06667;57.16667;
245;Lech;Georges;sportsperson;1945-06-02 05:00;;;Hénin-Beaumont;FR;62;3013525;2.96667;50.41667;
246;Lechantre;Jean;sportsperson;1922-02-13 15:00;;;Taintignies;BE;WHT;2785845;3.35;50.55;
247;Le Chenadec;Gilbert;sportsperson;1938-07-13 06:00;;;Languidic;FR;56;3007663;-3.15;47.83333;
248;Lecompte;Jean-Pierre;sportsperson;1941-06-26 17:30;;;Lestrade;FR;23;2999463;1.73333;45.88333;
249;Lemaitre;Robert;sportsperson;1929-03-07 17:30;;;Plancoët;FR;22;2986894;-2.23333;48.53333;
250;Leman;Eric;sportsperson;1946-07-17 05:00;;;Dadizelehoek;BE;VWV;2799907;3.11667;50.85;
251;Lemerre;Roger;sportsperson;1941-06-18 03:00;;;Bricquebec;FR;50;3030120;-1.63333;49.46667;
252;Lira;Maurice;sportsperson;1941-04-30 03:00;;;Cognet;FR;38;3024430;5.78333;44.88333;
253;Loncle;Marcel;sportsperson;1936-01-05 16:00;;;Moka;FR;35;8531767;-2;48.65;
254;Longo;Renato;sportsperson;1937-08-09 16:00;;;Vittorio Veneto;IT;TV;3164028;12.3;45.98333;
255;Lopopolo;Sandro;sportsperson;1939-12-18 12:15;;;San Babila;IT;MI;12022987;9.2;45.46667;
256;Lorimer;Peter;sportsperson;1946-12-14 11:10;;;Lochee;GB;;13268895;-3;56.46667;
257;Loubet;Charly;sportsperson;1946-01-21 03:30;;;Grasse;FR;6;3014856;6.93333;43.66667;
258;Louis;Xerces;sportsperson;1926-10-31 24:00;;;Union;MQ;;11599262;-61;14.78333;
259;Luciano;Jean;sportsperson;1921-01-02 10:00;;;Nice;FR;6;2990440;7.26667;43.7;
260;Lux;Jean-pierre;sportsperson;1946-01-09 19:00;;;Dax;FR;40;3021670;-1.05;43.71667;
261;Lynch;Benny;sportsperson;1913-04-02 21:45;;;Possil Park;GB;;13273048;-4.25;55.88333;
262;Macchi;Françoise;sportsperson;1951-07-12 07:00;;;Ségny;FR;1;2975326;6.08333;46.28333;
263;Mackay;Dave;sportsperson;1934-11-14 06:00;;;West End;GB;U8;7644906;-3.21667;55.95;
264;Macdonald;Malcom;sportsperson;1913-10-26 12:00;;;Possil Park;GB;;13273048;-4.25;55.88333;
265;Mc Calliog;Jim;sportsperson;1946-09-23 13:00;;;Possil Park;GB;;13273048;-4.25;55.88333;
266;Mc Cormick;John;sportsperson;1936-07-18 02:30;;;Possil Park;GB;;13273048;-4.25;55.88333;
267;Mc Creadie;Eddie;sportsperson;1940-04-15 17:20;;;Possil Park;GB;;13273048;-4.25;55.88333;
268;Mc Govern;John;sportsperson;1949-10-28 09:00;;;Montrose;GB;T7;2642302;-2.48333;56.71667;
269;Mc Gowan;Walter;sportsperson;1942-10-13 21:45;;;Kirkfieldbank;GB;W5;11592452;-3.8;55.68333;
270;Madubost;Jacques;sportsperson;1944-06-06 17:00;;;Sonville;FR;28;2974237;1.28333;48.21667;
271;Magerl;Hermann;sportsperson;1949-01-13 06:00;;;Embach;DE;93;2930608;12.18333;48.95;
272;Magnan;Jean-Claude;sportsperson;1941-06-04 16:00;;;Les Passons;FR;13;12314515;5.58333;43.28333;
273;Mandonnaud;Claude;sportsperson;1950-04-02 04:15;;;Limoges;FR;87;2998286;1.25;45.83333;
274;Manzaneque;Fernando;sportsperson;1934-02-04 20:00;;;Campo de Criptana;ES;CR;2520413;-3.11667;39.41667;
275;Marsolan;Serge;sportsperson;1945-04-22 05:00;;;Lombez;FR;32;2997812;0.9;43.48333;
276;Martinez;Mariano;sportsperson;1948-09-20 16:00;;;Gamonal;ES;BU;3121663;-3.68333;42.35;
277;Masnaghetti;Serge;sportsperson;1934-04-15 20:30;;;Briey;FR;54;3030071;5.95;49.25;
278;Maso;Joseph;sportsperson;1944-12-27 12:00;;;Jolimont;FR;31;12319116;1.46667;43.61667;
279;Maspes;Antonio;sportsperson;1932-01-14 00:30;;;San Babila;IT;MI;12022987;9.2;45.46667;
280;Mauduit;Georges;sportsperson;1940-12-03 10:25;;;Chambéry;FR;73;3027422;5.91667;45.56667;
281;Maury;Serge;sportsperson;1946-07-24 16:00;;;Bordeaux;FR;33;3031582;-0.56667;44.83333;
282;Mazard;Hervé;sportsperson;1943-12-18 08:00;;;Lézignan-Corbières;FR;11;2998644;2.76667;43.2;
283;Mazzinghi;Sandro;sportsperson;1938-10-03 01:30;;;Pontedera;IT;PI;3170272;10.63333;43.66667;
284;Menetrey;Roger;sportsperson;1945-06-16 19:00;;;Étrembières;FR;74;3019364;6.23333;46.18333;
285;Messina;Guido;sportsperson;1931-01-04 12:00;;;Monreale;IT;PA;2524085;13.28333;38.08333;
286;Mezy;Michel;sportsperson;1948-08-01 23:45;;;Aigues-Mortes;FR;30;3038493;4.18333;43.56667;
287;Michel;Henri;sportsperson;1947-10-28 04:00;;;Cuques;FR;13;12314457;5.45;43.51667;
288;Michelin;Pierre;sportsperson;1937-01-07 17:00;;;Tourcoing;FR;59;2972284;3.16667;50.73333;
289;Mildenberger;Karl;sportsperson;1937-11-23 12:45;;;Kaiserslautern;DE;0;2894003;7.78333;49.45;
290;Mindonnet;Roger;sportsperson;1924-12-24 01:00;;;Châteauroux;FR;36;3026204;1.68333;46.81667;
291;Mitoraj;Roland;sportsperson;1940-02-05 19:15;;;Faubourg d'Auron;FR;18;12310518;2.38333;47.08333;
292;Mir;Isabelle;sportsperson;1949-03-02 20:00;;;Tramezaïgues;FR;65;2972076;0.3;42.8;
293;Molinier;Michel;sportsperson;1947-05-28 10:00;;;Mézérac;FR;12;12317865;2.91667;44.36667;
294;Molitor;Marc;sportsperson;1948-09-21 11:10;;;Strasbourg;FR;67;2973783;7.75;48.58333;
295;Moncur;Bob;sportsperson;1945-01-19 06:50;;;Letham;GB;;13268593;-3.46667;56.4;
296;Monsere;Jean-Pierre;sportsperson;1948-09-08 23:30;;;Zuidhoek;BE;VWV;2783160;3.13333;50.95;
297;Monti;Eugenio;sportsperson;1928-01-23 11:00;;;Toblach;IT;BZ;3177571;12.23333;46.73333;
298;Morale;Salvator;sportsperson;1938-11-04 01:00;;;Padua;IT;PD;3171728;11.88333;45.4;
299;Morelon;Daniel;sportsperson;1944-07-24 22:45;;;Bourg-en-Bresse;FR;1;3031009;5.21667;46.2;
300;Mosconi;Alain;sportsperson;1949-09-09 06:00;;;Puteaux;FR;92;2985034;2.25;48.88333;
301;Moser;Francesco;sportsperson;1951-06-19 01:00;;;Tassaineri;IT;TN;8984088;11.36667;46.13333;
302;Motta;Gianni;sportsperson;1943-03-13 06:15;;;Cassano d'Adda;IT;MI;3179795;9.51667;45.53333;
303;Mouyal;Armand;sportsperson;1925-10-13 05:30;;;Courbet;DZ;;2501133;-0.63333;35.75;
304;Munari;Sandro;sportsperson;1940-03-27 06:30;;;Cavarzere;IT;VE;3179294;12.08333;45.13333;
305;Nallet;Jean-Claude;sportsperson;1947-03-15 05:30;;;Brénod;FR;1;3030343;5.6;46.05;
306;Nijdam;Hendrik;sportsperson;1935-09-26 02:30;;;Haren;NL;14;2754841;6.6;53.16667;
307;Nita;André;sportsperson;1949-09-05 06:00;;;Manosque;FR;4;2996180;5.78333;43.83333;
308;Norpoth;Harald;sportsperson;1942-08-22 11:00;;;Roman Catholic Diocese of Münster;DE;55;12207112;7.61667;51.96667;
309;Novi;Jacky;sportsperson;1946-07-18 10:00;;;Bellegarde;FR;30;3033698;4.5;43.75;
310;Ocana;Luis;sportsperson;1945-06-09 21:30;;;Priego;ES;CU;3112841;-2.31667;40.43333;
311;Okker;Tom;sportsperson;1944-02-22 18:20;;;Weesperzijde;NL;363;7648382;4.9;52.35;
312;Ostemeyer;Micheline;sportsperson;1922-12-23 03:00;;;Montreuil-sur-Mer;FR;62;2992061;1.76667;50.46667;
313;Ottenbros;Harmin;sportsperson;1943-06-27 12:00;;;De Hoef;NL;361;2757538;4.73333;52.63333;
314;Ottolina;Sergio;sportsperson;1942-11-23 14:00;;;San Babila;IT;MI;12022987;9.2;45.46667;
315;Ottoz;Eddy;sportsperson;1944-06-03 21:40;;;Cannes;FR;6;3028808;7;43.55;
316;Ovion;Régis;sportsperson;1949-03-03 15:30;;;Vigneux-sur-Seine;FR;91;2969109;2.41667;48.7;
317;Pambianco;Arnaldo;sportsperson;1935-08-16 08:05;;;Santa Maria di Urano;IT;FC;3214802;12.11667;44.15;
318;Paterson;George;sportsperson;1914-09-26 02:50;;;Rosebank;GB;;13268239;-3.91667;56.03333;
319;Peelman;Eddy;sportsperson;1947-08-08 21:00;;;Baasrode;BE;VOV;2802812;4.16667;51.03333;
320;Pellerin;Daniel;sportsperson;1941-10-30 17:10;;;Saint-Clément;FR;76;12494769;1.08333;49.43333;
321;Pera;Patrick;sportsperson;1949-01-17 09:00;;;Lyon 01;FR;69;6949674;4.83333;45.76667;
322;Perez-Frances;José;sportsperson;1936-12-27 11:00;;;Santander;ES;S;3109718;-3.8;43.46667;
323;Peyroche;Georges;sportsperson;1937-01-27 00:15;;;La Pauzière;FR;42;3007418;4.33333;45.4;
324;Phillip;Iain;sportsperson;1951-02-14 08:35;;;Lochee;GB;;13268895;-3;56.46667;
325;Pieters-Graafland;Eddy;sportsperson;1934-01-05 15:00;;;Oud Zuid;NL;363;7648383;4.88333;52.35;
326;Piumi;Jean-Claude;sportsperson;1940-05-27 08:00;;;Conflans-en-Jarnisy;FR;54;3023925;5.85;49.16667;
327;Plantefol;Alain;sportsperson;1942-12-26 06:45;;;Les Champs Philippe;FR;92;12306370;2.23333;48.91667;
328;Prati;Pierino;sportsperson;1943-12-13 09:50;;;San Babila;IT;MI;12022987;9.2;45.46667;
329;Proost;Leo;sportsperson;1933-11-01 14:00;;;Oud-Turnhout;BE;VAN;2789483;4.98333;51.31667;
330;Provelli;Louis;sportsperson;1939-04-21 13:30;;;Saint-Max;FR;54;2978105;6.2;48.7;
331;Puttemans;Emiel;sportsperson;1947-10-08 11:00;;;Vossem;BE;VBR;2784345;4.56667;50.83333;
332;Queen;Gerry;sportsperson;1945-01-15 12:50;;;Possil Park;GB;;13273048;-4.25;55.88333;
333;Quittet;Claude;sportsperson;1941-03-12 07:00;;;Mathay;FR;25;2995189;6.78333;47.43333;
334;Rat;Michem;sportsperson;1937-03-16 01:00;;;Auvers-sur-Oise;FR;95;3035864;2.16667;49.08333;
335;Rebillard;Daniel;sportsperson;1948-12-20 01:00;;;Tournan-en-Brie;FR;77;2972253;2.76667;48.73333;
336;Rebuffat;Gaston;sportsperson;1921-05-07 08:00;;;Madrague de la Ville;FR;13;2996839;5.36667;43.3;
337;Reding;Serge;sportsperson;1941-12-23 05:00;;;Louise area;BE;BRU;11395785;4.35;50.83333;
338;Revelli;Hervé;sportsperson;1946-10-05 19:00;;;Faubourg Pavé;FR;55;12318312;5.4;49.16667;
339;Revenu;Daniel;sportsperson;1942-12-05 10:00;;;Chinault;FR;36;3025138;1.98333;46.95;
340;Rey;Henri;sportsperson;1932-06-27 09:00;;;Lyon 01;FR;69;6949674;4.83333;45.76667;
341;Richard;Michel;sportsperson;1945-10-05 06:45;;;Le Clos Langlois;FR;94;12307060;2.38333;48.78333;
342;Richard;René;sportsperson;1942-11-06 13:50;;;Le Clos Langlois;FR;94;12307060;2.38333;48.78333;
343;Rivera;Gianni;sportsperson;1943-08-18 12:45;;;Alessandria;IT;AL;3183299;8.61667;44.91667;
344;Robert;Joel;sportsperson;1943-11-24 20:00;;;Sivry;BE;WHT;2786529;4.18333;50.16667;
345;Robertson;Lawson;sportsperson;1883-09-23 09:00;;;Seaton;GB;;13269589;-2.06667;57.16667;
346;Robin;Claude;sportsperson;1941-05-10 06:30;;;Les Sables-d'Olonne;FR;85;2999683;-1.78333;46.5;
347;Robuschi;Laurent;sportsperson;1935-11-05 06:00;;;Nice;FR;6;2990440;7.26667;43.7;
348;Rodighiero;Daniel;sportsperson;1940-09-20 04:45;;;Saint-Cloud;FR;92;2981041;2.2;48.85;
349;Rodzig;Bruno;sportsperson;1935-05-29 04:30;;;Conflans-en-Jarnisy;FR;54;3023925;5.85;49.16667;
350;Roque;René;sportsperson;1941-10-15 14:00;;;Clavières;FR;30;12306179;4.08333;44.13333;
351;Rosato;Roberto;sportsperson;1943-08-18 00:50;;;Chieri;IT;TO;3178818;7.81667;45.01667;
352;Rosi;Paolo;sportsperson;1928-01-30 08:00;;;Rieti;IT;RI;3169412;12.85;42.4;
353;Rosiers;Roger;sportsperson;1946-11-26 13:30;;;Millegem;BE;VAN;2791167;4.55;51.18333;
354;Rostagni;Jean-Paul;sportsperson;1948-01-14 14:15;;;La Plana;FR;6;12319219;7.31667;43.75;
355;Rozier;Marcel;sportsperson;1936-03-22 08:00;;;Thoissey;FR;1;2972772;4.8;46.16667;
356;Ruiz;Bernardo;sportsperson;1925-01-08 11:00;;;Orihuela;ES;A;2513076;-0.93333;38.08333;
357;Ruminski;César;sportsperson;1924-06-13 19:30;;;Douai;FR;59;3021000;3.08333;50.36667;
358;Rupert;Jean-Joseph;sportsperson;1938-03-07 17:00;;;Saint-Jean-de-Marsacq;FR;40;2979305;-1.25;43.63333;
359;Russel;Patrick;sportsperson;1946-12-22 20:45;;;Les Moussoux;FR;74;12318596;6.86667;45.91667;
360;Sabatie;Christian;sportsperson;1941-06-20 04:00;;;Sainte-Livrade-sur-Lot;FR;47;2980519;0.6;44.4;
361;Sainte-Rose;Robert;sportsperson;1943-07-05 09:00;;;Bellevue;MQ;;3570086;-61.08333;14.6;
362;Saisset;Olivier;sportsperson;1949-06-07 23:00;;;Saint-Gervais-sur-Mare;FR;34;2979694;3.03333;43.65;
363;Sauthier;Jean-Paul;sportsperson;1942-05-27 16:00;;;Lyon 01;FR;69;6949674;4.83333;45.76667;
364;Scheuring;Jacob;sportsperson;1912-10-29 04:00;;;Odenheim;DE;82;2858124;8.76667;49.16667;
365;Schiermeyer;René;sportsperson;1938-09-27 02:40;;;Sand;FR;67;12315898;7.46667;48.26667;
366;Schiprowski;Claus;sportsperson;1942-12-27 06:00;;;Feldmark;DE;55;11609477;7.08333;51.5;
367;Schmit;Ady;sportsperson;1940-08-17 01:00;;;Pfaffenthal;LU;2960317;2960182;6.13333;49.61667;
368;Schnellinger;Karl-Heinz;sportsperson;1939-03-31 06:30;;;Düren;DE;53;2934486;6.5;50.8;
369;Schol;Alain;sportsperson;1944-07-20 09:00;;;Darboussier;GP;971;3579442;-61.53333;16.23333;
370;Shuiten;Roy;sportsperson;1950-12-16 07:05;;;Weesperzijde;NL;363;7648382;4.9;52.35;
371;Schutz;Eddy;sportsperson;1941-05-15 14:00;;;Italien;LU;3;2960411;6.08333;49.46667;
372;Sczepaniak;Robert;sportsperson;1942-04-04 16:30;;;Le Gua;FR;12;3003895;2.26667;44.51667;
373;Seeler;Uwe;sportsperson;1936-11-05 11:00;;;Hamburg-Altstadt;DE;0;2956829;10;53.55;
374;Senoner;Carlo;sportsperson;1943-10-24 20:00;;;Merch-Linacia;IT;BZ;8975152;11.78333;46.55;
375;Siatka;Robert;sportsperson;1934-06-20 23:00;;;Le Martinet;FR;30;3003581;4.08333;44.25;
376;Silvestro;Jean-Louis;sportsperson;1939-09-24 15:00;;;Nice;FR;6;2990440;7.26667;43.7;
377;Simon;Jacques;sportsperson;1941-03-20 10:00;;;Omonville-la-Rogue;FR;50;2989538;-1.85;49.71667;
378;Sitjar;Michel;sportsperson;1942-09-13 14:00;;;Matabiau;FR;31;12319114;1.45;43.61667;
379;Skrela;Jean-Claude;sportsperson;1949-10-01 22:00;;;Matabiau;FR;31;12319114;1.45;43.61667;
380;Smith;James;sportsperson;1911-09-24 22:55;;;Jawcraig;GB;;13282988;-3.85;55.95;
381;Soler;Angelino;sportsperson;1938-11-05 11:00;;;Campanar;ES;V;2520457;-0.4;39.48333;
382;Spanghero;Claude;sportsperson;1948-06-05 18:00;;;Salles-sur-l'Hers;FR;11;2976359;1.76667;43.3;
383;Spanghero;Walter;sportsperson;1943-12-21 17:00;;;Salles-sur-l'Hers;FR;11;2976359;1.76667;43.3;
384;Steurer;Florence;sportsperson;1949-11-01 23:30;;;Lyon 01;FR;69;6949674;4.83333;45.76667;
385;Stommelen;Rolf;sportsperson;1943-07-11 02:15;;;Siegen;DE;59;2832495;8.03333;50.86667;
386;Stopyra;Julien;sportsperson;1933-01-10 08:00;;;Montceau-les-Mines;FR;71;2992863;4.38333;46.66667;
387;Suaudeau;Jean-Claude;sportsperson;1938-05-24 11:00;;;Cholet;FR;49;3025053;-0.88333;47.06667;
388;Swerts;Roger;sportsperson;1942-12-28 16:00;;;Heusden;BE;VLI;2795800;5.28333;51.03333;
389;Tabarly;Eric;sportsperson;1931-07-24 10:00;;;Les Dervallières;FR;44;12312959;-1.58333;47.23333;
390;Talbourdet;Georges;sportsperson;1951-12-05 10:30;;;Le Val;FR;22;2999008;-2.45;48.63333;
391;Taylor;Tony;sportsperson;1946-09-06 08:00;;;Possil Park;GB;;13273048;-4.25;55.88333;
392;Theilliere;Jean-Claude;sportsperson;1944-05-23 15:00;;;Fontgiève;FR;63;12323730;3.08333;45.78333;
393;Teirlinck;Willy;sportsperson;1948-08-10 18:00;;;Teralfene;BE;VBR;2785736;4.1;50.88333;
394;Tenet;Edouard;sportsperson;1907-07-07 07:00;;;Lyon 01;FR;69;6949674;4.83333;45.76667;
395;Terme;Aimé;sportsperson;1945-09-25 13:15;;;Le Ricard;FR;30;12320755;4.03333;44.21667;
396;Theo(Skudlapski;Theo);sportsperson;1935-11-17 19:00;;;Quartier de La République;FR;62;12323882;2.83333;50.38333;
397;Thevenet;Bernard;sportsperson;1948-01-10 12:00;;;Changy;FR;71;3026931;4.23333;46.43333;
398;Trentin;Pierre;sportsperson;1944-05-15 03:00;;;Le Mont Mesly;FR;94;12307062;2.46667;48.78333;
399;Trillo;Jean;sportsperson;1944-10-27 19:00;;;Condom;FR;32;3023943;0.38333;43.96667;
400;Ulma;Amboise;sportsperson;1921-11-29 04:00;;;Alénya;FR;66;3038226;2.98333;42.65;
401;Urtain;José Manuel;sportsperson;1943-05-14 22:00;;;Iraeta;ES;SS;3120340;-2.25;43.25;
402;Vanconingsloo;Georges;sportsperson;1940-10-27 08:30;;;Aisémont;BE;WBR;2803319;4.61667;50.71667;
403;Van Impe;Lucien;sportsperson;1946-10-20 04:30;;;Cauwenberg;BE;VOV;2800617;3.96667;50.91667;
404;Van Linden;Rik;sportsperson;1949-07-28 03:00;;;Duivelshoek;BE;VAN;2799066;4.38333;51.16667;
405;Van Tygem;Noel;sportsperson;1947-10-09 14:15;;;Langemark;BE;VWV;2793392;2.91667;50.91667;
406;Vaquerin;Armand;sportsperson;1951-02-21 17:00;;;Sévérac Gare;FR;12;12306076;3.06667;44.33333;
407;Varangeot;Brigitte;sportsperson;1940-05-01 08:30;;;Biarritz;FR;64;3032797;-1.55;43.48333;
408;Verge;Louis;sportsperson;1938-10-06 12:00;;;Carcassonne;FR;11;3028641;2.35;43.21667;
409;Vernet;Georges;sportsperson;1905-11-16 06:00;;;Vézénobres;FR;30;2969474;4.13333;44.05;
410;Verove;Yves-Marie;sportsperson;1949-10-22 06:30;;;Grand-Fort-Philippe;FR;59;3015126;2.1;51;
411;Vianelli;Franco;sportsperson;1946-10-20 10:00;;;Area Produttiva Nulli;IT;BS;8985124;10.05;45.65;
412;Vicentini;Flaviano;sportsperson;1942-06-21 10:30;;;Calcari;IT;VR;8969095;11.01667;45.53333;
413;Villain;Jean-Paul;sportsperson;1946-11-01 09:30;;;Dieppe;FR;76;3021411;1.08333;49.91667;
414;Villepreux;Pierre;sportsperson;1943-07-05 08:00;;;Arnac-Pompadour;FR;19;2986390;1.38333;45.4;
415;De Vlaeminck;Roger;sportsperson;1947-08-24 13:45;;;Eeklo;BE;VOV;2798987;3.56667;51.18333;
416;Voron;Maurice;sportsperson;1928-10-12 18:00;;;Lyon 01;FR;69;6949674;4.83333;45.76667;
417;Vuarnet;Jean;sportsperson;1933-01-18 19:50;;;Les Berges du Lac;TN;1159;12277028;10.21667;36.83333;
418;Wadoux;Jean;sportsperson;1942-01-29 13:30;;;Saint-Pol-sur-Ternoise;FR;62;2977387;2.33333;50.38333;
419;Wagtmans;Marinus;sportsperson;1946-12-26 14:30;;;Rucphen;NL;840;2747858;4.56667;51.53333;
420;Walter;Fritz;sportsperson;1920-10-31 21:15;;;Kaiserslautern;DE;0;2894003;7.78333;49.45;
421;Watteau;Michel;sportsperson;1945-10-11 19:10;;;Roubaix;FR;59;2982681;3.16667;50.7;
422;Wilson;Ray;sportsperson;1947-04-08 04:45;;;Torbrex;GB;;13268103;-3.95;56.11667;
423;Windal;Claude;sportsperson;1939-09-02 05:00;;;Dinard;FR;35;3021351;-2.05;48.63333;
424;Winkler;Hans Günter;sportsperson;1926-07-24 04:30;;;Elberfeld;DE;51;2931276;7.16667;51.25;
425;Wolfermann;Klaus;sportsperson;1946-03-31 14:15;;;Altdorf bei Nürnberg;DE;95;2958024;11.36667;49.38333;
426;Wolfshohl;Rolf;sportsperson;1938-12-27 04:00;;;Humboldtkolonie;DE;53;2897732;7;50.93333;
427;Wooldridge-shaw;Winnie;sportsperson;1947-01-18 10:15;;;Possil Park;GB;;13273048;-4.25;55.88333;
428;Yachvili;Michel;sportsperson;1946-09-25 14:00;;;Le Pra Limouzi;FR;19;12321072;1.76667;45.26667;
429;Zamora;Ricardo;sportsperson;1901-02-14 06:00;;;Horta-Guinardó;ES;B;6544103;2.16667;41.41667;
430;Zilioli;Italo;sportsperson;1941-09-24 04:00;;;Crocetta;IT;TO;11288635;7.66667;45.06667;
431;Zimmerer;Wolfgang;sportsperson;1940-11-15 22:06;;;Garmisch;DE;91;2922532;11.08333;47.5;
432;Zoetemelk;Gerardus;sportsperson;1946-12-03 17:15;;;Bomen- en Bloemenbuurt;NL;518;11525080;4.26667;52.08333;
433;Baratelli;Dominique;sportsperson;1938-12-05 14:15;;;Celio;IT;RM;6545160;12.5;41.88333;
434;Bettini;Fabio;sportsperson;1943-03-13 08:00;;;Celio;IT;RM;6545160;12.5;41.88333;
435;Desisti;Giancarlo;sportsperson;1940-11-13 03:00;;;Celio;IT;RM;6545160;12.5;41.88333;
436;Esteve;Vincent;sportsperson;1943-09-04 03:15;;;Celio;IT;RM;6545160;12.5;41.88333;
437;Frinolli;Roberto;sportsperson;1924-07-29 08:07;;;Celio;IT;RM;6545160;12.5;41.88333;
438;Gentile;Giuseppe;sportsperson;1930-01-12 16:30;;;Roches Noires;MA;141;2537994;-7.58333;33.65;
439;Gottvalles;Alain;sportsperson;1931-07-05 01:00;;;Roches Noires;MA;141;2537994;-7.58333;33.65;
440;Guittet;Jack;sportsperson;1942-03-22 10:00;;;Roches Noires;MA;141;2537994;-7.58333;33.65;
441;Jodar;Jean-François;sportsperson;1936-09-22 21:30;;;Roches Noires;MA;141;2537994;-7.58333;33.65;
442;Jouve;Roger-Louis;sportsperson;1945-07-21 10:00;;;Douar Ejjamaa;MA;61;10976328;-5.61667;33.88333;
443;Musso;Luigi;sportsperson;1947-12-26 07:00;;;Nice;FR;6;2990440;7.26667;43.7;
444;Nadi;Nedo;sportsperson;1949-12-02 06:00;;;Montereau-Fault-Yonne;FR;77;2992671;2.95;48.38333;
445;Pelissard;Nicole;sportsperson;1949-03-11 14:15;;;Madrague de la Ville;FR;13;2996839;5.36667;43.3;
446;Peri;Robert;sportsperson;1941-01-20 12:30;;;Madrague de la Ville;FR;13;2996839;5.36667;43.3;
447;Paterni;MLarcel;sportsperson;1950-01-15 02:00;;;Sainte-Anne;GP;971;3578466;-61.38333;16.21667;
448;Tresor;Marius;sportsperson;1948-07-21 14:00;;;Magalas;FR;34;2996823;3.21667;43.46667;
449;Vergnes;Jacques;sportsperson;1893-06-09 08:45;;;Fiume, Bagni;IT;LI;11125838;10.3;43.55;
450;Zoff;Dino;sportsperson;1942-02-28 04:30;;;Gorizia;IT;GO;3175986;13.61667;45.95;
